country_name,country_code,year,port_teu
Aruba,ABW,2016,31323.0
Africa Eastern and Southern,AFE,2016,
Afghanistan,AFG,2016,
Africa Western and Central,AFW,2016,6464269.34
Angola,AGO,2016,541346.0
Albania,ALB,2016,118829.0
Andorra,AND,2016,
Arab World,ARB,2016,51028666.29
United Arab Emirates,ARE,2016,20652200.0
Argentina,ARG,2016,1713267.0
Armenia,ARM,2016,
American Samoa,ASM,2016,65970.0
Antigua and Barbuda,ATG,2016,16193.0
Australia,AUS,2016,7830344.0
Austria,AUT,2016,285900.0
Azerbaijan,AZE,2016,
Burundi,BDI,2016,
Belgium,BEL,2016,10321506.0
Benin,BEN,2016,310500.0
Burkina Faso,BFA,2016,
Bangladesh,BGD,2016,2387953.0
Bulgaria,BGR,2016,206111.0
Bahrain,BHR,2016,424602.0
"Bahamas, The",BHS,2016,1261778.0
Bosnia and Herzegovina,BIH,2016,
Belarus,BLR,2016,
Belize,BLZ,2016,46040.0
Bermuda,BMU,2016,4437.324
Bolivia,BOL,2016,
Brazil,BRA,2016,8804079.0
Barbados,BRB,2016,105321.0
Brunei Darussalam,BRN,2016,98606.0
Bhutan,BTN,2016,
Botswana,BWA,2016,
Central African Republic,CAF,2016,
Canada,CAN,2016,5727822.0
Central Europe and the Baltics,CEB,2016,5076244.0
Switzerland,CHE,2016,114498.0
Channel Islands,CHI,2016,
Chile,CHL,2016,4170283.0
China,CHN,2016,202830580.0
Cote d'Ivoire,CIV,2016,885750.0
Cameroon,CMR,2016,370000.0
"Congo, Dem. Rep.",COD,2016,59133.0
"Congo, Rep.",COG,2016,562889.0
Colombia,COL,2016,3452348.0
Comoros,COM,2016,73309.69
Cabo Verde,CPV,2016,62112.0
Costa Rica,CRI,2016,1338979.0
Caribbean small states,CSS,2016,2107409.0
Cuba,CUB,2016,325319.0
Curacao,CUW,2016,98278.0
Cayman Islands,CYM,2016,60718.0
Cyprus,CYP,2016,360841.0
Czechia,CZE,2016,
Germany,DEU,2016,15126366.0
Djibouti,DJI,2016,987400.0
Dominica,DMA,2016,7361.0
Denmark,DNK,2016,715076.0
Dominican Republic,DOM,2016,1486227.0
Algeria,DZA,2016,1831056.0
East Asia & Pacific (excluding high income),EAP,2016,268382315.763
Early-demographic dividend,EAR,2016,99932653.203
East Asia & Pacific,EAS,2016,392800641.259
Europe & Central Asia (excluding high income),ECA,2016,
Europe & Central Asia,ECS,2016,111039447.0132
Ecuador,ECU,2016,1907090.0
"Egypt, Arab Rep.",EGY,2016,5887541.0
Euro area,EMU,2016,84300577.0
Eritrea,ERI,2016,12551.97
Spain,ESP,2016,15073218.0
Estonia,EST,2016,204177.0
Ethiopia,ETH,2016,
European Union,EUU,2016,89475750.0
Fragile and conflict affected situations,FCS,2016,7696968.923
Finland,FIN,2016,1509479.0
Fiji,FJI,2016,244524.4
France,FRA,2016,5225656.0
Faroe Islands,FRO,2016,33520.26
"Micronesia, Fed. Sts.",FSM,2016,9814.813
Gabon,GAB,2016,146000.0
United Kingdom,GBR,2016,10200229.0
Georgia,GEO,2016,251011.0
Ghana,GHA,2016,942463.0
Gibraltar,GIB,2016,18621.03
Guinea,GIN,2016,176167.0
"Gambia, The",GMB,2016,60000.0
Guinea-Bissau,GNB,2016,26382.34
Equatorial Guinea,GNQ,2016,14281.0
Greece,GRC,2016,4088425.0
Grenada,GRD,2016,19634.0
Greenland,GRL,2016,8631.709
Guatemala,GTM,2016,1470101.0
Guam,GUM,2016,198209.0
Guyana,GUY,2016,55168.0
High income,HIC,2016,335767762.199
"Hong Kong SAR, China",HKG,2016,19580000.0
Honduras,HND,2016,756641.0
Heavily indebted poor countries (HIPC),HPC,2016,
Croatia,HRV,2016,246596.0
Haiti,HTI,2016,176879.0
Hungary,HUN,2016,
IBRD only,IBD,2016,361526908.8002
IDA & IBRD total,IBT,2016,386897520.2532
IDA total,IDA,2016,25370611.453
IDA blend,IDB,2016,7839758.4
Indonesia,IDN,2016,10535691.0
IDA only,IDX,2016,
Isle of Man,IMN,2016,
India,IND,2016,13724110.0
Not classified,INX,2016,
Ireland,IRL,2016,916833.0
"Iran, Islamic Rep.",IRN,2016,2462028.0
Iraq,IRQ,2016,220859.7
Iceland,ISL,2016,308660.0
Israel,ISR,2016,2711000.0
Italy,ITA,2016,10589293.0
Jamaica,JAM,2016,1567442.0
Jordan,JOR,2016,792841.0
Japan,JPN,2016,21678076.0
Kazakhstan,KAZ,2016,
Kenya,KEN,2016,1091000.0
Kyrgyz Republic,KGZ,2016,
Cambodia,KHM,2016,400187.0
Kiribati,KIR,2016,49005.46
St. Kitts and Nevis,KNA,2016,13216.0
"Korea, Rep.",KOR,2016,25945418.0
Kuwait,KWT,2016,944432.0
Latin America & Caribbean (excluding high income),LAC,2016,30285110.0
Lao PDR,LAO,2016,
Lebanon,LBN,2016,1147219.0
Liberia,LBR,2016,112500.0
Libya,LBY,2016,151551.5
St. Lucia,LCA,2016,38383.0
Latin America & Caribbean,LCN,2016,46785590.78
Least developed countries: UN classification,LDC,2016,
Low income,LIC,2016,
Liechtenstein,LIE,2016,
Sri Lanka,LKA,2016,5734000.0
Lower middle income,LMC,2016,67835429.253
Low & middle income,LMY,2016,366704562.6672
Lesotho,LSO,2016,
Late-demographic dividend,LTE,2016,318868584.0142
Lithuania,LTU,2016,443000.0
Luxembourg,LUX,2016,
Latvia,LVA,2016,388260.0
"Macao SAR, China",MAC,2016,
St. Martin (French part),MAF,2016,
Morocco,MAR,2016,4106683.0
Monaco,MCO,2016,
Moldova,MDA,2016,735.0142
Madagascar,MDG,2016,138850.0
Maldives,MDV,2016,81744.0
"Middle East, North Africa, Afghanistan & Pakistan",MEA,2016,61711645.2
Mexico,MEX,2016,5678854.0
Marshall Islands,MHL,2016,51613.32
Middle income,MIC,2016,364292664.9572
North Macedonia,MKD,2016,
Mali,MLI,2016,
Malta,MLT,2016,3151939.0
Myanmar,MMR,2016,1026216.0
"Middle East, North Africa, Afghanistan & Pakistan (excluding high income)",MNA,2016,21672472.2
Montenegro,MNE,2016,30211.0
Mongolia,MNG,2016,
Northern Mariana Islands,MNP,2016,44989.51
Mozambique,MOZ,2016,
Mauritania,MRT,2016,72523.0
Mauritius,MUS,2016,388514.0
Malawi,MWI,2016,
Malaysia,MYS,2016,24569452.0
North America,NAC,2016,53881261.324
Namibia,NAM,2016,203071.0
New Caledonia,NCL,2016,108500.0
Niger,NER,2016,
Nigeria,NGA,2016,1272000.0
Nicaragua,NIC,2016,156900.0
Netherlands,NLD,2016,12612142.0
Norway,NOR,2016,716916.0
Nepal,NPL,2016,
Nauru,NRU,2016,7032.956
New Zealand,NZL,2016,3000696.0
OECD members,OED,2016,234582818.0
Oman,OMN,2016,3943846.0
Other small states,OSS,2016,5996428.58
Pakistan,PAK,2016,3074000.0
Panama,PAN,2016,6271682.0
Peru,PER,2016,2321062.0
Philippines,PHL,2016,7560607.0
Palau,PLW,2016,22490.03
Papua New Guinea,PNG,2016,
Poland,POL,2016,2032761.0
Pre-demographic dividend,PRE,2016,8700367.1
Puerto Rico (US),PRI,2016,1210500.0
"Korea, Dem. People's Rep.",PRK,2016,
Portugal,PRT,2016,2912946.0
Paraguay,PRY,2016,38430.0
West Bank and Gaza,PSE,2016,
Pacific island small states,PSS,2016,817138.749
Post-demographic dividend,PST,2016,259835596.0
French Polynesia,PYF,2016,69088.0
Qatar,QAT,2016,527952.0
Romania,ROU,2016,711339.0
Russian Federation,RUS,2016,3472382.0
Rwanda,RWA,2016,
South Asia,SAS,2016,21927807.0
Saudi Arabia,SAU,2016,7683202.0
Sudan,SDN,2016,465355.0
Senegal,SEN,2016,540000.0
Singapore,SGP,2016,30903600.0
Solomon Islands,SLB,2016,181636.1
Sierra Leone,SLE,2016,89063.0
El Salvador,SLV,2016,202165.0
San Marino,SMR,2016,
"Somalia, Fed. Rep.",SOM,2016,104800.4
Serbia,SRB,2016,
Sub-Saharan Africa (excluding high income),SSA,2016,14594679.69
South Sudan,SSD,2016,
Sub-Saharan Africa,SSF,2016,14726894.29
Small states,SST,2016,8920976.329
Sao Tome and Principe,STP,2016,67523.29
Suriname,SUR,2016,98652.0
Slovak Republic,SVK,2016,
Slovenia,SVN,2016,844000.0
Sweden,SWE,2016,1509886.0
Eswatini,SWZ,2016,
Sint Maarten (Dutch part),SXM,2016,97991.0
Seychelles,SYC,2016,132214.6
Syrian Arab Republic,SYR,2016,253415.0
Turks and Caicos Islands,TCA,2016,
Chad,TCD,2016,
East Asia & Pacific (IDA & IBRD countries),TEA,2016,268411838.749
Europe & Central Asia (IDA & IBRD countries),TEC,2016,16511367.0142
Togo,TGO,2016,821639.0
Thailand,THA,2016,9340560.0
Tajikistan,TJK,2016,
Turkmenistan,TKM,2016,
Latin America & the Caribbean (IDA & IBRD countries),TLA,2016,43647141.0
Timor-Leste,TLS,2016,49177.0
"Middle East, North Africa, Afghanistan & Pakistan (IDA & IBRD)",TMN,2016,21672472.2
Tonga,TON,2016,84702.43
South Asia (IDA & IBRD),TSA,2016,21927807.0
Sub-Saharan Africa (IDA & IBRD countries),TSS,2016,14726894.29
Trinidad and Tobago,TTO,2016,427427.0
Tunisia,TUN,2016,489670.0
Turkiye,TUR,2016,8760769.0
Tuvalu,TUV,2016,15844.34
Tanzania,TZA,2016,630290.0
Uganda,UGA,2016,
Ukraine,UKR,2016,680623.0
Upper middle income,UMC,2016,296457235.7042
Uruguay,URY,2016,888119.0
United States,USA,2016,48149002.0
Uzbekistan,UZB,2016,
St. Vincent and the Grenadines,VCT,2016,18236.0
"Venezuela, RB",VEN,2016,400962.0
British Virgin Islands,VGB,2016,52542.78
Virgin Islands (U.S.),VIR,2016,
Viet Nam,VNM,2016,11282230.0
Vanuatu,VUT,2016,115886.9
World,WLD,2016,702873286.8662
Samoa,WSM,2016,34588.0
Kosovo,XKX,2016,
"Yemen, Rep.",YEM,2016,268208.0
South Africa,ZAF,2016,4354666.0
Zambia,ZMB,2016,
Zimbabwe,ZWE,2016,
Aruba,ABW,2017,31689.0
Africa Eastern and Southern,AFE,2017,
Afghanistan,AFG,2017,
Africa Western and Central,AFW,2017,7328156.16
Angola,AGO,2017,683548.0
Albania,ALB,2017,118270.0
Andorra,AND,2017,
Arab World,ARB,2017,52594194.8
United Arab Emirates,ARE,2017,19089706.0
Argentina,ARG,2017,1809153.0
Armenia,ARM,2017,
American Samoa,ASM,2017,92270.0
Antigua and Barbuda,ATG,2017,17311.0
Australia,AUS,2017,7991508.0
Austria,AUT,2017,285900.0
Azerbaijan,AZE,2017,
Burundi,BDI,2017,
Belgium,BEL,2017,10783850.0
Benin,BEN,2017,333000.0
Burkina Faso,BFA,2017,
Bangladesh,BGD,2017,2583549.0
Bulgaria,BGR,2017,228545.0
Bahrain,BHR,2017,400307.0
"Bahamas, The",BHS,2017,920652.0
Bosnia and Herzegovina,BIH,2017,
Belarus,BLR,2017,
Belize,BLZ,2017,44381.0
Bermuda,BMU,2017,4437.324
Bolivia,BOL,2017,
Brazil,BRA,2017,9380502.0
Barbados,BRB,2017,107098.0
Brunei Darussalam,BRN,2017,104747.0
Bhutan,BTN,2017,
Botswana,BWA,2017,
Central African Republic,CAF,2017,
Canada,CAN,2017,6377236.0
Central Europe and the Baltics,CEB,2017,5661145.0
Switzerland,CHE,2017,119231.0
Channel Islands,CHI,2017,
Chile,CHL,2017,4407502.0
China,CHN,2017,218712874.0
Cote d'Ivoire,CIV,2017,907646.0
Cameroon,CMR,2017,386367.0
"Congo, Dem. Rep.",COD,2017,52066.0
"Congo, Rep.",COG,2017,650000.0
Colombia,COL,2017,3877937.0
Comoros,COM,2017,52673.2
Cabo Verde,CPV,2017,74554.0
Costa Rica,CRI,2017,1489326.0
Caribbean small states,CSS,2017,1764394.0
Cuba,CUB,2017,332240.0
Curacao,CUW,2017,93921.0
Cayman Islands,CYM,2017,61940.0
Cyprus,CYP,2017,345016.0
Czechia,CZE,2017,
Germany,DEU,2017,15163474.0
Djibouti,DJI,2017,928000.0
Dominica,DMA,2017,7425.0
Denmark,DNK,2017,820139.0
Dominican Republic,DOM,2017,1770295.0
Algeria,DZA,2017,1725198.0
East Asia & Pacific (excluding high income),EAP,2017,287679915.91
Early-demographic dividend,EAR,2017,109678412.13
East Asia & Pacific,EAS,2017,419122781.142
Europe & Central Asia (excluding high income),ECA,2017,
Europe & Central Asia,ECS,2017,117971615.5142
Ecuador,ECU,2017,1990210.0
"Egypt, Arab Rep.",EGY,2017,6337413.0
Euro area,EMU,2017,88818720.0
Eritrea,ERI,2017,12551.97
Spain,ESP,2017,15929902.0
Estonia,EST,2017,229905.0
Ethiopia,ETH,2017,
European Union,EUU,2017,94505905.0
Fragile and conflict affected situations,FCS,2017,9124190.44
Finland,FIN,2017,1630089.0
Fiji,FJI,2017,276943.9
France,FRA,2017,5738031.0
Faroe Islands,FRO,2017,34942.61
"Micronesia, Fed. Sts.",FSM,2017,11433.5
Gabon,GAB,2017,156000.0
United Kingdom,GBR,2017,10239674.0
Georgia,GEO,2017,
Ghana,GHA,2017,1009755.0
Gibraltar,GIB,2017,4626.185
Guinea,GIN,2017,203373.0
"Gambia, The",GMB,2017,62500.0
Guinea-Bissau,GNB,2017,56819.16
Equatorial Guinea,GNQ,2017,13301.0
Greece,GRC,2017,4602808.0
Grenada,GRD,2017,21914.0
Greenland,GRL,2017,6998.705
Guatemala,GTM,2017,1389751.0
Guam,GUM,2017,198681.0
Guyana,GUY,2017,57663.0
High income,HIC,2017,353665180.676
"Hong Kong SAR, China",HKG,2017,20760000.0
Honduras,HND,2017,797293.0
Heavily indebted poor countries (HIPC),HPC,2017,
Croatia,HRV,2017,288235.0
Haiti,HTI,2017,177141.0
Hungary,HUN,2017,
IBRD only,IBD,2017,390287032.3762
IDA & IBRD total,IBT,2017,418027826.4162
IDA total,IDA,2017,27740794.04
IDA blend,IDB,2017,8646882.9
Indonesia,IDN,2017,12076306.0
IDA only,IDX,2017,
Isle of Man,IMN,2017,
India,IND,2017,15450523.0
Not classified,INX,2017,
Ireland,IRL,2017,958488.0
"Iran, Islamic Rep.",IRN,2017,3091066.0
Iraq,IRQ,2017,823944.7
Iceland,ISL,2017,350348.0
Israel,ISR,2017,2868000.0
Italy,ITA,2017,10666550.0
Jamaica,JAM,2017,1560000.0
Jordan,JOR,2017,796087.0
Japan,JPN,2017,22795035.0
Kazakhstan,KAZ,2017,
Kenya,KEN,2017,1190000.0
Kyrgyz Republic,KGZ,2017,
Cambodia,KHM,2017,459835.0
Kiribati,KIR,2017,53468.83
St. Kitts and Nevis,KNA,2017,13767.0
"Korea, Rep.",KOR,2017,27420698.0
Kuwait,KWT,2017,964623.5
Latin America & Caribbean (excluding high income),LAC,2017,32671069.0
Lao PDR,LAO,2017,
Lebanon,LBN,2017,1305038.0
Liberia,LBR,2017,125000.0
Libya,LBY,2017,212164.5
St. Lucia,LCA,2017,29706.0
Latin America & Caribbean,LCN,2017,49946638.42
Least developed countries: UN classification,LDC,2017,
Low income,LIC,2017,
Liechtenstein,LIE,2017,
Sri Lanka,LKA,2017,6200000.0
Lower middle income,LMC,2017,74111942.43
Low & middle income,LMY,2017,395627448.2542
Lesotho,LSO,2017,
Late-demographic dividend,LTE,2017,338435468.1142
Lithuania,LTU,2017,472000.0
Luxembourg,LUX,2017,
Latvia,LVA,2017,449712.0
"Macao SAR, China",MAC,2017,
St. Martin (French part),MAF,2017,
Morocco,MAR,2017,4509580.0
Monaco,MCO,2017,
Moldova,MDA,2017,735.0142
Madagascar,MDG,2017,220000.0
Maldives,MDV,2017,82761.0
"Middle East, North Africa, Afghanistan & Pakistan",MEA,2017,64328350.7
Mexico,MEX,2017,6375338.0
Marshall Islands,MHL,2017,74193.53
Middle income,MIC,2017,392575270.2242
North Macedonia,MKD,2017,
Mali,MLI,2017,
Malta,MLT,2017,3245812.0
Myanmar,MMR,2017,1043469.0
"Middle East, North Africa, Afghanistan & Pakistan (excluding high income)",MNA,2017,24119761.2
Montenegro,MNE,2017,43732.0
Mongolia,MNG,2017,
Northern Mariana Islands,MNP,2017,94910.77
Mozambique,MOZ,2017,
Mauritania,MRT,2017,88400.0
Mauritius,MUS,2017,379371.0
Malawi,MWI,2017,
Malaysia,MYS,2017,23719787.0
North America,NAC,2017,57904162.324
Namibia,NAM,2017,176335.0
New Caledonia,NCL,2017,113000.0
Niger,NER,2017,
Nigeria,NGA,2017,1408000.0
Nicaragua,NIC,2017,190756.0
Netherlands,NLD,2017,13992474.0
Norway,NOR,2017,764093.0
Nepal,NPL,2017,
Nauru,NRU,2017,5536.052
New Zealand,NZL,2017,3198925.0
OECD members,OED,2017,249500541.0
Oman,OMN,2017,4785012.0
Other small states,OSS,2017,6063476.8
Pakistan,PAK,2017,3284000.0
Panama,PAN,2017,6899254.0
Peru,PER,2017,2539720.0
Philippines,PHL,2017,8249852.0
Palau,PLW,2017,20009.41
Papua New Guinea,PNG,2017,177122.0
Poland,POL,2017,2384782.0
Pre-demographic dividend,PRE,2017,10412549.93
Puerto Rico (US),PRI,2017,1319572.0
"Korea, Dem. People's Rep.",PRK,2017,
Portugal,PRT,2017,3124946.0
Paraguay,PRY,2017,37584.0
West Bank and Gaza,PSE,2017,
Pacific island small states,PSS,2017,885807.372
Post-demographic dividend,PST,2017,275477277.0
French Polynesia,PYF,2017,69192.0
Qatar,QAT,2017,772800.0
Romania,ROU,2017,696438.0
Russian Federation,RUS,2017,4303955.0
Rwanda,RWA,2017,
South Asia,SAS,2017,24316833.0
Saudi Arabia,SAU,2017,8082329.0
Sudan,SDN,2017,487336.0
Senegal,SEN,2017,570500.0
Singapore,SGP,2017,33666600.0
Solomon Islands,SLB,2017,180838.4
Sierra Leone,SLE,2017,89100.0
El Salvador,SLV,2017,209903.0
San Marino,SMR,2017,
"Somalia, Fed. Rep.",SOM,2017,126312.9
Serbia,SRB,2017,
Sub-Saharan Africa (excluding high income),SSA,2017,15952215.13
South Sudan,SSD,2017,
Sub-Saharan Africa,SSF,2017,16056787.83
Small states,SST,2017,8713678.172
Sao Tome and Principe,STP,2017,62980.9
Suriname,SUR,2017,112318.0
Slovak Republic,SVK,2017,
Slovenia,SVN,2017,911528.0
Sweden,SWE,2017,1557281.0
Eswatini,SWZ,2017,
Sint Maarten (Dutch part),SXM,2017,98101.0
Seychelles,SYC,2017,104572.7
Syrian Arab Republic,SYR,2017,291958.0
Turks and Caicos Islands,TCA,2017,
Chad,TCD,2017,
East Asia & Pacific (IDA & IBRD countries),TEA,2017,287705461.372
Europe & Central Asia (IDA & IBRD countries),TEC,2017,18789609.0142
Togo,TGO,2017,1193841.0
Thailand,THA,2017,9938881.0
Tajikistan,TJK,2017,
Turkmenistan,TKM,2017,
Latin America & the Caribbean (IDA & IBRD countries),TLA,2017,47039374.0
Timor-Leste,TLS,2017,59004.0
"Middle East, North Africa, Afghanistan & Pakistan (IDA & IBRD)",TMN,2017,24119761.2
Tonga,TON,2017,107381.3
South Asia (IDA & IBRD),TSA,2017,24316833.0
Sub-Saharan Africa (IDA & IBRD countries),TSS,2017,16056787.83
Trinidad and Tobago,TTO,2017,414657.0
Tunisia,TUN,2017,480619.0
Turkiye,TUR,2017,10001342.0
Tuvalu,TUV,2017,6499.85
Tanzania,TZA,2017,617266.0
Uganda,UGA,2017,
Ukraine,UKR,2017,723575.0
Upper middle income,UMC,2017,318463327.7942
Uruguay,URY,2017,939427.0
United States,USA,2017,51522489.0
Uzbekistan,UZB,2017,
St. Vincent and the Grenadines,VCT,2017,17502.0
"Venezuela, RB",VEN,2017,354540.0
British Virgin Islands,VGB,2017,49149.42
Virgin Islands (U.S.),VIR,2017,
Viet Nam,VNM,2017,12382524.0
Vanuatu,VUT,2017,114552.6
World,WLD,2017,749647168.9302
Samoa,WSM,2017,34950.0
Kosovo,XKX,2017,
"Yemen, Rep.",YEM,2017,334693.0
South Africa,ZAF,2017,4563618.0
Zambia,ZMB,2017,
Zimbabwe,ZWE,2017,
Aruba,ABW,2018,58500.0
Africa Eastern and Southern,AFE,2018,
Afghanistan,AFG,2018,
Africa Western and Central,AFW,2018,7942499.59
Angola,AGO,2018,572922.0
Albania,ALB,2018,134526.0
Andorra,AND,2018,
Arab World,ARB,2018,53583896.45
United Arab Emirates,ARE,2018,18696000.0
Argentina,ARG,2018,2184625.0
Armenia,ARM,2018,
American Samoa,ASM,2018,90245.0
Antigua and Barbuda,ATG,2018,28826.0
Australia,AUS,2018,8667914.0
Austria,AUT,2018,
Azerbaijan,AZE,2018,
Burundi,BDI,2018,
Belgium,BEL,2018,11503695.0
Benin,BEN,2018,321750.0
Burkina Faso,BFA,2018,
Bangladesh,BGD,2018,2946955.0
Bulgaria,BGR,2018,241716.0
Bahrain,BHR,2018,432207.0
"Bahamas, The",BHS,2018,1182836.0
Bosnia and Herzegovina,BIH,2018,
Belarus,BLR,2018,
Belize,BLZ,2018,47729.0
Bermuda,BMU,2018,4437.324
Bolivia,BOL,2018,
Brazil,BRA,2018,10061925.0
Barbados,BRB,2018,100952.0
Brunei Darussalam,BRN,2018,113125.0
Bhutan,BTN,2018,
Botswana,BWA,2018,
Central African Republic,CAF,2018,
Canada,CAN,2018,6763247.0
Central Europe and the Baltics,CEB,2018,6497688.0
Switzerland,CHE,2018,119133.0
Channel Islands,CHI,2018,
Chile,CHL,2018,4661486.0
China,CHN,2018,229127700.0
Cote d'Ivoire,CIV,2018,924596.0
Cameroon,CMR,2018,387000.0
"Congo, Dem. Rep.",COD,2018,55599.0
"Congo, Rep.",COG,2018,739000.0
Colombia,COL,2018,4181330.0
Comoros,COM,2018,55032.5
Cabo Verde,CPV,2018,84041.0
Costa Rica,CRI,2018,1492791.0
Caribbean small states,CSS,2018,2063791.5
Cuba,CUB,2018,349722.0
Curacao,CUW,2018,94607.0
Cayman Islands,CYM,2018,
Cyprus,CYP,2018,416502.0
Czechia,CZE,2018,
Germany,DEU,2018,15123221.0
Djibouti,DJI,2018,859000.0
Dominica,DMA,2018,7393.0
Denmark,DNK,2018,833857.0
Dominican Republic,DOM,2018,1906487.0
Algeria,DZA,2018,1844422.0
East Asia & Pacific (excluding high income),EAP,2018,301964578.711
Early-demographic dividend,EAR,2018,116395931.81
East Asia & Pacific,EAS,2018,438510957.494
Europe & Central Asia (excluding high income),ECA,2018,
Europe & Central Asia,ECS,2018,124223081.7492
Ecuador,ECU,2018,2212486.0
"Egypt, Arab Rep.",EGY,2018,6701763.0
Euro area,EMU,2018,92937578.0
Eritrea,ERI,2018,37259.65
Spain,ESP,2018,17165709.0
Estonia,EST,2018,239576.0
Ethiopia,ETH,2018,
European Union,EUU,2018,99115638.0
Fragile and conflict affected situations,FCS,2018,10275388.311
Finland,FIN,2018,1594271.0
Fiji,FJI,2018,279465.5
France,FRA,2018,5978536.0
Faroe Islands,FRO,2018,35039.3
"Micronesia, Fed. Sts.",FSM,2018,32194.52
Gabon,GAB,2018,156000.0
United Kingdom,GBR,2018,10315140.0
Georgia,GEO,2018,348240.0
Ghana,GHA,2018,1056785.0
Gibraltar,GIB,2018,17114.73
Guinea,GIN,2018,237366.0
"Gambia, The",GMB,2018,61250.0
Guinea-Bissau,GNB,2018,47433.09
Equatorial Guinea,GNQ,2018,14716.0
Greece,GRC,2018,5395401.0
Grenada,GRD,2018,23887.0
Greenland,GRL,2018,6998.705
Guatemala,GTM,2018,1530596.0
Guam,GUM,2018,181846.0
Guyana,GUY,2018,58210.0
High income,HIC,2018,368063334.652
"Hong Kong SAR, China",HKG,2018,19641000.0
Honduras,HND,2018,813164.0
Heavily indebted poor countries (HIPC),HPC,2018,
Croatia,HRV,2018,302126.0
Haiti,HTI,2018,177010.0
Hungary,HUN,2018,
IBRD only,IBD,2018,411694705.7172
IDA & IBRD total,IBT,2018,441847851.3282
IDA total,IDA,2018,30153145.611
IDA blend,IDB,2018,8987785.5
Indonesia,IDN,2018,12532311.0
IDA only,IDX,2018,
Isle of Man,IMN,2018,
India,IND,2018,16996593.0
Not classified,INX,2018,
Ireland,IRL,2018,1000560.0
"Iran, Islamic Rep.",IRN,2018,2368914.0
Iraq,IRQ,2018,743211.1
Iceland,ISL,2018,353300.0
Israel,ISR,2018,2946000.0
Italy,ITA,2018,10620925.0
Jamaica,JAM,2018,1833053.0
Jordan,JOR,2018,815354.0
Japan,JPN,2018,23424446.0
Kazakhstan,KAZ,2018,
Kenya,KEN,2018,1306283.0
Kyrgyz Republic,KGZ,2018,
Cambodia,KHM,2018,537107.0
Kiribati,KIR,2018,52568.09
St. Kitts and Nevis,KNA,2018,13491.5
"Korea, Rep.",KOR,2018,28874930.0
Kuwait,KWT,2018,954527.75
Latin America & Caribbean (excluding high income),LAC,2018,35585693.0
Lao PDR,LAO,2018,
Lebanon,LBN,2018,1332990.0
Liberia,LBR,2018,118750.0
Libya,LBY,2018,327096.8
St. Lucia,LCA,2018,33657.0
Latin America & Caribbean,LCN,2018,53583745.86
Least developed countries: UN classification,LDC,2018,
Low income,LIC,2018,
Liechtenstein,LIE,2018,
Sri Lanka,LKA,2018,7000000.0
Lower middle income,LMC,2018,79566718.07
Low & middle income,LMY,2018,418233912.5252
Lesotho,LSO,2018,
Late-demographic dividend,LTE,2018,355383805.4642
Lithuania,LTU,2018,749066.0
Luxembourg,LUX,2018,
Latvia,LVA,2018,474393.0
"Macao SAR, China",MAC,2018,
St. Martin (French part),MAF,2018,
Morocco,MAR,2018,4715747.0
Monaco,MCO,2018,
Moldova,MDA,2018,735.0142
Madagascar,MDG,2018,179425.0
Maldives,MDV,2018,82252.5
"Middle East, North Africa, Afghanistan & Pakistan",MEA,2018,64859592.65
Mexico,MEX,2018,6983149.0
Marshall Islands,MHL,2018,70146.41
Middle income,MIC,2018,414584043.9852
North Macedonia,MKD,2018,
Mali,MLI,2018,
Malta,MLT,2018,3414328.0
Myanmar,MMR,2018,1104101.0
"Middle East, North Africa, Afghanistan & Pakistan (excluding high income)",MNA,2018,24182394.9
Montenegro,MNE,2018,15998.0
Mongolia,MNG,2018,
Northern Mariana Islands,MNP,2018,42095.68
Mozambique,MOZ,2018,372218.0
Mauritania,MRT,2018,80461.5
Mauritius,MUS,2018,451446.0
Malawi,MWI,2018,
Malaysia,MYS,2018,24955994.0
North America,NAC,2018,61250915.324
Namibia,NAM,2018,144109.0
New Caledonia,NCL,2018,110750.0
Niger,NER,2018,
Nigeria,NGA,2018,1560000.0
Nicaragua,NIC,2018,174403.0
Netherlands,NLD,2018,14802257.0
Norway,NOR,2018,802364.0
Nepal,NPL,2018,
Nauru,NRU,2018,7606.643
New Zealand,NZL,2018,3382305.0
OECD members,OED,2018,262325021.0
Oman,OMN,2018,4210679.0
Other small states,OSS,2018,6286203.06
Pakistan,PAK,2018,3249000.0
Panama,PAN,2018,6872369.0
Peru,PER,2018,2667974.0
Philippines,PHL,2018,8859565.0
Palau,PLW,2018,20059.46
Papua New Guinea,PNG,2018,170053.0
Poland,POL,2018,2834296.0
Pre-demographic dividend,PRE,2018,11287480.64
Puerto Rico (US),PRI,2018,1447616.0
"Korea, Dem. People's Rep.",PRK,2018,
Portugal,PRT,2018,3168513.0
Paraguay,PRY,2018,38007.0
West Bank and Gaza,PSE,2018,
Pacific island small states,PSS,2018,891804.814
Post-demographic dividend,PST,2018,287879857.0
French Polynesia,PYF,2018,69140.0
Qatar,QAT,2018,1340000.0
Romania,ROU,2018,668016.0
Russian Federation,RUS,2018,4726726.0
Rwanda,RWA,2018,
South Asia,SAS,2018,27025800.5
Saudi Arabia,SAU,2018,8683456.0
Sudan,SDN,2018,451712.0
Senegal,SEN,2018,674000.0
Singapore,SGP,2018,36599200.0
Solomon Islands,SLB,2018,174614.2
Sierra Leone,SLE,2018,83621.0
El Salvador,SLV,2018,230989.0
San Marino,SMR,2018,
"Somalia, Fed. Rep.",SOM,2018,115339.8
Serbia,SRB,2018,
Sub-Saharan Africa (excluding high income),SSA,2018,17329489.4
South Sudan,SSD,2018,
Sub-Saharan Africa,SSF,2018,17435527.6
Small states,SST,2018,9241799.374
Sao Tome and Principe,STP,2018,47989.86
Suriname,SUR,2018,110000.0
Slovak Republic,SVK,2018,
Slovenia,SVN,2018,988499.0
Sweden,SWE,2018,1600175.0
Eswatini,SWZ,2018,
Sint Maarten (Dutch part),SXM,2018,101100.0
Seychelles,SYC,2018,106038.2
Syrian Arab Republic,SYR,2018,332532.0
Turks and Caicos Islands,TCA,2018,
Chad,TCD,2018,
East Asia & Pacific (IDA & IBRD countries),TEA,2018,301992244.814
Europe & Central Asia (IDA & IBRD countries),TEC,2018,20918836.0142
Togo,TGO,2018,1395730.0
Thailand,THA,2018,10371645.0
Tajikistan,TJK,2018,
Turkmenistan,TKM,2018,
Latin America & the Caribbean (IDA & IBRD countries),TLA,2018,50293047.5
Timor-Leste,TLS,2018,47574.0
"Middle East, North Africa, Afghanistan & Pakistan (IDA & IBRD)",TMN,2018,24182394.9
Tonga,TON,2018,105190.3
South Asia (IDA & IBRD),TSA,2018,27025800.5
Sub-Saharan Africa (IDA & IBRD countries),TSS,2018,17435527.6
Trinidad and Tobago,TTO,2018,438703.0
Tunisia,TUN,2018,493366.0
Turkiye,TUR,2018,10801305.0
Tuvalu,TUV,2018,6188.291
Tanzania,TZA,2018,705231.0
Uganda,UGA,2018,
Ukraine,UKR,2018,845152.0
Upper middle income,UMC,2018,335017325.9152
Uruguay,URY,2018,797874.0
United States,USA,2018,54483231.0
Uzbekistan,UZB,2018,
St. Vincent and the Grenadines,VCT,2018,18107.0
"Venezuela, RB",VEN,2018,592374.0
British Virgin Islands,VGB,2018,56317.36
Virgin Islands (U.S.),VIR,2018,
Viet Nam,VNM,2018,13394390.0
Vanuatu,VUT,2018,106680.4
World,WLD,2018,786889621.1772
Samoa,WSM,2018,37091.0
Kosovo,XKX,2018,
"Yemen, Rep.",YEM,2018,398999.0
South Africa,ZAF,2018,4892423.0
Zambia,ZMB,2018,
Zimbabwe,ZWE,2018,
Aruba,ABW,2019,63870.0
Africa Eastern and Southern,AFE,2019,
Afghanistan,AFG,2019,
Africa Western and Central,AFW,2019,8601610.13
Angola,AGO,2019,651273.0
Albania,ALB,2019,145762.0
Andorra,AND,2019,
Arab World,ARB,2019,56713766.355
United Arab Emirates,ARE,2019,18802000.0
Argentina,ARG,2019,1833964.0
Armenia,ARM,2019,
American Samoa,ASM,2019,76200.0
Antigua and Barbuda,ATG,2019,27657.0
Australia,AUS,2019,8778913.0
Austria,AUT,2019,
Azerbaijan,AZE,2019,
Burundi,BDI,2019,
Belgium,BEL,2019,12389876.0
Benin,BEN,2019,510895.6
Burkina Faso,BFA,2019,
Bangladesh,BGD,2019,3145919.0
Bulgaria,BGR,2019,261934.0
Bahrain,BHR,2019,418933.0
"Bahamas, The",BHS,2019,1555798.0
Bosnia and Herzegovina,BIH,2019,
Belarus,BLR,2019,
Belize,BLZ,2019,20259.0
Bermuda,BMU,2019,4006.0
Bolivia,BOL,2019,
Brazil,BRA,2019,10704669.0
Barbados,BRB,2019,98435.0
Brunei Darussalam,BRN,2019,117901.0
Bhutan,BTN,2019,
Botswana,BWA,2019,
Central African Republic,CAF,2019,
Canada,CAN,2019,7000133.0
Central Europe and the Baltics,CEB,2019,6676076.0
Switzerland,CHE,2019,121366.0
Channel Islands,CHI,2019,
Chile,CHL,2019,4641633.0
China,CHN,2019,237570000.0
Cote d'Ivoire,CIV,2019,994646.0
Cameroon,CMR,2019,370685.0
"Congo, Dem. Rep.",COD,2019,42211.0
"Congo, Rep.",COG,2019,921000.0
Colombia,COL,2019,4316862.0
Comoros,COM,2019,54358.54
Cabo Verde,CPV,2019,91683.0
Costa Rica,CRI,2019,1300785.0
Caribbean small states,CSS,2019,2406965.25
Cuba,CUB,2019,322431.0
Curacao,CUW,2019,
Cayman Islands,CYM,2019,
Cyprus,CYP,2019,389962.0
Czechia,CZE,2019,
Germany,DEU,2019,15022386.0
Djibouti,DJI,2019,917000.0
Dominica,DMA,2019,7409.0
Denmark,DNK,2019,880039.0
Dominican Republic,DOM,2019,1894225.0
Algeria,DZA,2019,1793990.0
East Asia & Pacific (excluding high income),EAP,2019,313565752.08
Early-demographic dividend,EAR,2019,117696666.26
East Asia & Pacific,EAS,2019,449307187.96
Europe & Central Asia (excluding high income),ECA,2019,
Europe & Central Asia,ECS,2019,128186701.316
Ecuador,ECU,2019,2194042.0
"Egypt, Arab Rep.",EGY,2019,7403472.0
Euro area,EMU,2019,94346890.0
Eritrea,ERI,2019,27452.8
Spain,ESP,2019,17464920.0
Estonia,EST,2019,241338.0
Ethiopia,ETH,2019,
European Union,EUU,2019,100824745.0
Fragile and conflict affected situations,FCS,2019,10122492.75
Finland,FIN,2019,1628170.0
Fiji,FJI,2019,145782.4
France,FRA,2019,5827493.0
Faroe Islands,FRO,2019,31214.33
"Micronesia, Fed. Sts.",FSM,2019,25234.09
Gabon,GAB,2019,192998.0
United Kingdom,GBR,2019,10508000.0
Georgia,GEO,2019,601491.0
Ghana,GHA,2019,1079247.0
Gibraltar,GIB,2019,10870.46
Guinea,GIN,2019,248659.0
"Gambia, The",GMB,2019,71469.72
Guinea-Bissau,GNB,2019,28699.98
Equatorial Guinea,GNQ,2019,13851.0
Greece,GRC,2019,6151556.0
Grenada,GRD,2019,12343.0
Greenland,GRL,2019,6144.526
Guatemala,GTM,2019,1529010.0
Guam,GUM,2019,
Guyana,GUY,2019,58543.0
High income,HIC,2019,372388253.441
"Hong Kong SAR, China",HKG,2019,18360000.0
Honduras,HND,2019,790707.0
Heavily indebted poor countries (HIPC),HPC,2019,
Croatia,HRV,2019,348435.0
Haiti,HTI,2019,177075.5
Hungary,HUN,2019,
IBRD only,IBD,2019,427019987.41
IDA & IBRD total,IBT,2019,458011532.02
IDA total,IDA,2019,30991544.61
IDA blend,IDB,2019,8977898.4
Indonesia,IDN,2019,12615422.0
IDA only,IDX,2019,
Isle of Man,IMN,2019,
India,IND,2019,17487621.0
Not classified,INX,2019,
Ireland,IRL,2019,1063489.0
"Iran, Islamic Rep.",IRN,2019,1503495.0
Iraq,IRQ,2019,932728.6
Iceland,ISL,2019,330292.0
Israel,ISR,2019,2917000.0
Italy,ITA,2019,10789337.0
Jamaica,JAM,2019,1647609.0
Jordan,JOR,2019,798160.0
Japan,JPN,2019,23276482.0
Kazakhstan,KAZ,2019,
Kenya,KEN,2019,1417000.0
Kyrgyz Republic,KGZ,2019,
Cambodia,KHM,2019,639211.0
Kiribati,KIR,2019,52099.86
St. Kitts and Nevis,KNA,2019,13629.25
"Korea, Rep.",KOR,2019,28959959.0
Kuwait,KWT,2019,959575.625
Latin America & Caribbean (excluding high income),LAC,2019,35871020.0
Lao PDR,LAO,2019,
Lebanon,LBN,2019,1293888.0
Liberia,LBR,2019,91453.84
Libya,LBY,2019,271230.6
St. Lucia,LCA,2019,39238.0
Latin America & Caribbean,LCN,2019,53956658.22
Least developed countries: UN classification,LDC,2019,
Low income,LIC,2019,
Liechtenstein,LIE,2019,
Sri Lanka,LKA,2019,7230000.0
Lower middle income,LMC,2019,85420355.0
Low & middle income,LMY,2019,434004928.31
Lesotho,LSO,2019,
Late-demographic dividend,LTE,2019,370253133.425
Lithuania,LTU,2019,703000.0
Luxembourg,LUX,2019,
Latvia,LVA,2019,449850.0
"Macao SAR, China",MAC,2019,
St. Martin (French part),MAF,2019,
Morocco,MAR,2019,6068803.0
Monaco,MCO,2019,
Moldova,MDA,2019,818.0
Madagascar,MDG,2019,199712.5
Maldives,MDV,2019,107728.2
"Middle East, North Africa, Afghanistan & Pakistan",MEA,2019,66443632.825
Mexico,MEX,2019,7113878.0
Marshall Islands,MHL,2019,30711.22
Middle income,MIC,2019,430248111.47
North Macedonia,MKD,2019,
Mali,MLI,2019,
Malta,MLT,2019,2813023.0
Myanmar,MMR,2019,1128353.0
"Middle East, North Africa, Afghanistan & Pakistan (excluding high income)",MNA,2019,25397009.2
Montenegro,MNE,2019,15744.0
Mongolia,MNG,2019,
Northern Mariana Islands,MNP,2019,44951.82
Mozambique,MOZ,2019,411938.0
Mauritania,MRT,2019,84457.99
Mauritius,MUS,2019,469011.0
Malawi,MWI,2019,
Malaysia,MYS,2019,26215322.0
North America,NAC,2019,62715462.0
Namibia,NAM,2019,142957.0
New Caledonia,NCL,2019,111875.0
Niger,NER,2019,
Nigeria,NGA,2019,1627142.0
Nicaragua,NIC,2019,175370.0
Netherlands,NLD,2019,15198050.0
Norway,NOR,2019,837457.0
Nepal,NPL,2019,
Nauru,NRU,2019,5327.06
New Zealand,NZL,2019,3430977.0
OECD members,OED,2019,267181829.0
Oman,OMN,2019,4890471.0
Other small states,OSS,2019,5805306.0
Pakistan,PAK,2019,3150000.0
Panama,PAN,2019,7346859.0
Peru,PER,2019,2677239.0
Philippines,PHL,2019,9333428.0
Palau,PLW,2019,16399.0
Papua New Guinea,PNG,2019,
Poland,POL,2019,3046483.0
Pre-demographic dividend,PRE,2019,12268911.57
Puerto Rico (US),PRI,2019,1451950.0
"Korea, Dem. People's Rep.",PRK,2019,
Portugal,PRT,2019,2907005.0
Paraguay,PRY,2019,37795.5
West Bank and Gaza,PSE,2019,
Pacific island small states,PSS,2019,605131.14
Post-demographic dividend,PST,2019,290602993.0
French Polynesia,PYF,2019,69166.0
Qatar,QAT,2019,1340000.0
Romania,ROU,2019,666036.0
Russian Federation,RUS,2019,4967133.0
Rwanda,RWA,2019,
South Asia,SAS,2019,27971268.2
Saudi Arabia,SAU,2019,8905621.0
Sudan,SDN,2019,422597.0
Senegal,SEN,2019,695698.0
Singapore,SGP,2019,37195000.0
Solomon Islands,SLB,2019,128035.7
Sierra Leone,SLE,2019,78413.0
El Salvador,SLV,2019,249472.0
San Marino,SMR,2019,
"Somalia, Fed. Rep.",SOM,2019,92238.0
Serbia,SRB,2019,
Sub-Saharan Africa (excluding high income),SSA,2019,17837376.83
South Sudan,SSD,2019,
Sub-Saharan Africa,SSF,2019,17991800.23
Small states,SST,2019,8817402.39
Sao Tome and Principe,STP,2019,49552.86
Suriname,SUR,2019,109200.0
Slovak Republic,SVK,2019,
Slovenia,SVN,2019,959000.0
Sweden,SWE,2019,1623363.0
Eswatini,SWZ,2019,
Sint Maarten (Dutch part),SXM,2019,105200.0
Seychelles,SYC,2019,154423.4
Syrian Arab Republic,SYR,2019,325097.0
Turks and Caicos Islands,TCA,2019,
Chad,TCD,2019,
East Asia & Pacific (IDA & IBRD countries),TEA,2019,313587478.14
Europe & Central Asia (IDA & IBRD countries),TEC,2019,22652523.0
Togo,TGO,2019,1500611.0
Thailand,THA,2019,10130294.0
Tajikistan,TJK,2019,
Turkmenistan,TKM,2019,
Latin America & the Caribbean (IDA & IBRD countries),TLA,2019,50411453.25
Timor-Leste,TLS,2019,53289.0
"Middle East, North Africa, Afghanistan & Pakistan (IDA & IBRD)",TMN,2019,25397009.2
Tonga,TON,2019,76853.95
South Asia (IDA & IBRD),TSA,2019,27971268.2
Sub-Saharan Africa (IDA & IBRD countries),TSS,2019,17991800.23
Trinidad and Tobago,TTO,2019,446232.0
Tunisia,TUN,2019,474222.0
Turkiye,TUR,2019,11591414.0
Tuvalu,TUV,2019,5150.0
Tanzania,TZA,2019,726431.0
Uganda,UGA,2019,
Ukraine,UKR,2019,1007273.0
Upper middle income,UMC,2019,344827756.47
Uruguay,URY,2019,749562.0
United States,USA,2019,55711323.0
Uzbekistan,UZB,2019,
St. Vincent and the Grenadines,VCT,2019,18222.0
"Venezuela, RB",VEN,2019,179529.0
British Virgin Islands,VGB,2019,45955.97
Virgin Islands (U.S.),VIR,2019,
Viet Nam,VNM,2019,15297028.0
Vanuatu,VUT,2019,77435.86
World,WLD,2019,806572710.751
Samoa,WSM,2019,42102.0
Kosovo,XKX,2019,
"Yemen, Rep.",YEM,2019,464923.0
South Africa,ZAF,2019,4529034.0
Zambia,ZMB,2019,
Zimbabwe,ZWE,2019,
